case,kind,n,backend,status,validation,median_ms,min_ms,max_ms,max_peak_rss_kib,max_hwm_growth_kib,intervals,reason
check_empty_h0,semantic,0,ripser_cpp,unsupported,passed,,,,,,,upstream compressed matrix adapter requires at least two vertices
check_empty_h0,semantic,0,gudhi_cpp,completed,passed,0.007434,0.007434,0.007434,2080,0,0,
check_empty_h0,semantic,0,cocycle,completed,passed,0.001493,0.001493,0.001493,1056,0,0,
check_empty_h0,semantic,0,gudhi_collapse_cpp,completed,passed,0.003236,0.003236,0.003236,1968,0,0,
check_empty_h1,semantic,0,gudhi_collapse_cpp,completed,passed,0.004569,0.004569,0.004569,2052,0,0,
check_empty_h1,semantic,0,cocycle,completed,passed,0.00513,0.00513,0.00513,1080,0,0,
check_empty_h1,semantic,0,gudhi_cpp,completed,passed,0.007835,0.007835,0.007835,2008,0,0,
check_empty_h1,semantic,0,ripser_cpp,unsupported,passed,,,,,,,upstream compressed matrix adapter requires at least two vertices
check_singleton_h0,semantic,1,gudhi_collapse_cpp,completed,passed,0.008897,0.008897,0.008897,1972,0,1,
check_singleton_h0,semantic,1,cocycle,completed,passed,0.0023439999999999997,0.0023439999999999997,0.0023439999999999997,1128,0,1,
check_singleton_h0,semantic,1,gudhi_cpp,completed,passed,0.008426,0.008426,0.008426,2004,0,1,
check_singleton_h0,semantic,1,ripser_cpp,unsupported,passed,,,,,,,upstream compressed matrix adapter requires at least two vertices
check_singleton_h1,semantic,1,cocycle,completed,passed,0.004608,0.004608,0.004608,1028,0,1,
check_singleton_h1,semantic,1,ripser_cpp,unsupported,passed,,,,,,,upstream compressed matrix adapter requires at least two vertices
check_singleton_h1,semantic,1,gudhi_collapse_cpp,completed,passed,0.008105,0.008105,0.008105,2020,0,1,
check_singleton_h1,semantic,1,gudhi_cpp,completed,passed,0.005991,0.005991,0.005991,1992,0,1,
check_duplicates_h0,semantic,2,gudhi_collapse_cpp,completed,passed,0.009358,0.009358,0.009358,1972,0,1,
check_duplicates_h0,semantic,2,cocycle,completed,passed,0.001513,0.001513,0.001513,1088,0,1,
check_duplicates_h0,semantic,2,gudhi_cpp,completed,passed,0.008887,0.008887,0.008887,1972,0,1,
check_duplicates_h0,semantic,2,ripser_cpp,completed,passed,0.006583,0.006583,0.006583,1956,0,1,
check_duplicates_h1,semantic,2,gudhi_collapse_cpp,completed,passed,0.011912,0.011912,0.011912,2008,0,1,
check_duplicates_h1,semantic,2,gudhi_cpp,completed,passed,0.010921,0.010921,0.010921,2048,0,1,
check_duplicates_h1,semantic,2,ripser_cpp,completed,passed,0.004699,0.004699,0.004699,1992,0,1,
check_duplicates_h1,semantic,2,cocycle,completed,passed,0.0041080000000000005,0.0041080000000000005,0.0041080000000000005,1040,0,1,
check_pair_h0,semantic,2,gudhi_collapse_cpp,completed,passed,0.009699,0.009699,0.009699,1996,0,2,
check_pair_h0,semantic,2,gudhi_cpp,completed,passed,0.011252,0.011252,0.011252,2056,0,2,
check_pair_h0,semantic,2,cocycle,completed,passed,0.002024,0.002024,0.002024,1060,0,2,
check_pair_h0,semantic,2,ripser_cpp,completed,passed,0.004518,0.004518,0.004518,1940,0,2,
check_pair_h1,semantic,2,gudhi_collapse_cpp,completed,passed,0.013656,0.013656,0.013656,2056,0,2,
check_pair_h1,semantic,2,cocycle,completed,passed,0.004028,0.004028,0.004028,1092,0,2,
check_pair_h1,semantic,2,gudhi_cpp,completed,passed,0.011391,0.011391,0.011391,2008,0,2,
check_pair_h1,semantic,2,ripser_cpp,completed,passed,0.005781,0.005781,0.005781,1908,0,2,
check_square_full_h0,semantic,4,cocycle,completed,passed,0.003075,0.003075,0.003075,1084,0,4,
check_square_full_h0,semantic,4,gudhi_cpp,completed,passed,0.014347,0.014347,0.014347,2008,0,4,
check_square_full_h0,semantic,4,ripser_cpp,completed,passed,0.005861,0.005861,0.005861,1936,0,4,
check_square_full_h0,semantic,4,gudhi_collapse_cpp,completed,passed,0.013014,0.013014,0.013014,2020,0,4,
check_square_full_h1,semantic,4,ripser_cpp,completed,passed,0.009568,0.009568,0.009568,1996,0,5,
check_square_full_h1,semantic,4,cocycle,completed,passed,0.008026,0.008026,0.008026,1088,0,5,
check_square_full_h1,semantic,4,gudhi_cpp,completed,passed,0.023624,0.023624,0.023624,2000,0,5,
check_square_full_h1,semantic,4,gudhi_collapse_cpp,completed,passed,0.020719,0.020719,0.020719,1968,0,5,
check_square_isolated_h0,semantic,4,gudhi_cpp,completed,passed,0.008996,0.008996,0.008996,1976,0,4,
check_square_isolated_h0,semantic,4,cocycle,completed,passed,0.002314,0.002314,0.002314,1068,0,4,
check_square_isolated_h0,semantic,4,gudhi_collapse_cpp,completed,passed,0.009768,0.009768,0.009768,1980,0,4,
check_square_isolated_h0,semantic,4,ripser_cpp,completed,passed,0.006251,0.006251,0.006251,1912,0,4,
check_square_isolated_h1,semantic,4,gudhi_collapse_cpp,completed,passed,0.007164,0.007164,0.007164,2000,0,4,
check_square_isolated_h1,semantic,4,gudhi_cpp,completed,passed,0.008275,0.008275,0.008275,2024,0,4,
check_square_isolated_h1,semantic,4,ripser_cpp,completed,passed,0.00553,0.00553,0.00553,2016,0,4,
check_square_isolated_h1,semantic,4,cocycle,completed,passed,0.004819,0.004819,0.004819,1072,0,4,
check_square_cycle_h0,semantic,4,gudhi_cpp,completed,passed,0.014527,0.014527,0.014527,2012,0,4,
check_square_cycle_h0,semantic,4,cocycle,completed,passed,0.002224,0.002224,0.002224,1088,0,4,
check_square_cycle_h0,semantic,4,gudhi_collapse_cpp,completed,passed,0.013586,0.013586,0.013586,2016,0,4,
check_square_cycle_h0,semantic,4,ripser_cpp,completed,passed,0.007244,0.007244,0.007244,1944,0,4,
check_square_cycle_h1,semantic,4,ripser_cpp,completed,passed,0.011532,0.011532,0.011532,1944,0,5,
check_square_cycle_h1,semantic,4,cocycle,completed,passed,0.006442000000000001,0.006442000000000001,0.006442000000000001,1064,0,5,
check_square_cycle_h1,semantic,4,gudhi_cpp,completed,passed,0.023163,0.023163,0.023163,2020,0,5,
check_square_cycle_h1,semantic,4,gudhi_collapse_cpp,completed,passed,0.017783,0.017783,0.017783,2000,0,5,
check_square_filled_h0,semantic,4,gudhi_collapse_cpp,completed,passed,0.012384,0.012384,0.012384,2076,0,4,
check_square_filled_h0,semantic,4,ripser_cpp,completed,passed,0.008005,0.008005,0.008005,1908,0,4,
check_square_filled_h0,semantic,4,cocycle,completed,passed,0.003065,0.003065,0.003065,1056,0,4,
check_square_filled_h0,semantic,4,gudhi_cpp,completed,passed,0.01589,0.01589,0.01589,1972,0,4,
check_square_filled_h1,semantic,4,ripser_cpp,completed,passed,0.014837,0.014837,0.014837,1908,0,5,
check_square_filled_h1,semantic,4,cocycle,completed,passed,0.008746,0.008746,0.008746,1092,0,5,
check_square_filled_h1,semantic,4,gudhi_collapse_cpp,completed,passed,0.027922,0.027922,0.027922,1972,0,5,
check_square_filled_h1,semantic,4,gudhi_cpp,completed,passed,0.021481,0.021481,0.021481,2048,0,5,
check_tetrahedron_h0,semantic,4,gudhi_collapse_cpp,completed,passed,0.015148,0.015148,0.015148,2048,0,4,
check_tetrahedron_h0,semantic,4,gudhi_cpp,completed,passed,0.012794,0.012794,0.012794,2012,0,4,
check_tetrahedron_h0,semantic,4,ripser_cpp,completed,passed,0.008366,0.008366,0.008366,2016,0,4,
check_tetrahedron_h0,semantic,4,cocycle,completed,passed,0.003016,0.003016,0.003016,1064,0,4,
check_tetrahedron_h1,semantic,4,gudhi_cpp,completed,passed,0.027171,0.027171,0.027171,2020,0,4,
check_tetrahedron_h1,semantic,4,ripser_cpp,completed,passed,0.009207,0.009207,0.009207,1960,0,4,
check_tetrahedron_h1,semantic,4,gudhi_collapse_cpp,completed,passed,0.01632,0.01632,0.01632,2004,0,4,
check_tetrahedron_h1,semantic,4,cocycle,completed,passed,0.008175,0.008175,0.008175,1096,0,4,
uniform_h1_16,benchmark,16,gudhi_collapse_cpp,completed,passed,0.0815135,0.078738,0.084289,2008,0,18,
uniform_h1_16,benchmark,16,gudhi_cpp,completed,passed,0.2226585,0.219372,0.225945,3572,1604,18,
uniform_h1_16,benchmark,16,cocycle,completed,passed,0.044608499999999995,0.044263,0.044953999999999994,1092,0,18,
uniform_h1_16,benchmark,16,ripser_cpp,completed,passed,0.0454855,0.044183,0.046788,1980,0,18,
uniform_h1_32,benchmark,32,ripser_cpp,completed,passed,0.1413755,0.141075,0.141676,1944,0,39,
uniform_h1_32,benchmark,32,gudhi_cpp,completed,passed,1.475286,1.471188,1.479384,4020,1940,39,
uniform_h1_32,benchmark,32,gudhi_collapse_cpp,completed,passed,0.32074349999999996,0.30794,0.333547,2044,0,39,
uniform_h1_32,benchmark,32,cocycle,completed,passed,0.14733200000000002,0.146846,0.147818,1092,0,39,
circle_h1_16,benchmark,16,gudhi_cpp,completed,passed,0.2357535,0.235373,0.236134,3528,1524,17,
circle_h1_16,benchmark,16,cocycle,completed,passed,0.061130000000000004,0.060544,0.061716,1080,0,17,
circle_h1_16,benchmark,16,gudhi_collapse_cpp,completed,passed,0.3170065,0.315493,0.31852,2080,0,17,
circle_h1_16,benchmark,16,ripser_cpp,completed,passed,0.07108400000000001,0.070332,0.071836,1944,0,17,
circle_h1_32,benchmark,32,gudhi_collapse_cpp,completed,passed,2.2056805,2.194179,2.217182,3852,1896,33,
circle_h1_32,benchmark,32,cocycle,completed,passed,0.274386,0.27299300000000004,0.275779,1048,0,33,
circle_h1_32,benchmark,32,ripser_cpp,completed,passed,0.3185945,0.317197,0.319992,3660,1676,33,
circle_h1_32,benchmark,32,gudhi_cpp,completed,passed,1.420153,1.419231,1.421075,4032,1980,33,
sphere8_h1_16,benchmark,16,ripser_cpp,completed,passed,0.0545835,0.053782,0.055385,1960,0,24,
sphere8_h1_16,benchmark,16,gudhi_cpp,completed,passed,0.22811900000000002,0.227698,0.22854,3656,1668,24,
sphere8_h1_16,benchmark,16,gudhi_collapse_cpp,completed,passed,0.193434,0.189918,0.19695,2080,0,24,
sphere8_h1_16,benchmark,16,cocycle,completed,passed,0.0507205,0.050515,0.050926,1092,0,24,
sphere8_h1_32,benchmark,32,cocycle,completed,passed,0.24456,0.241945,0.24717499999999998,1088,0,48,
sphere8_h1_32,benchmark,32,ripser_cpp,completed,passed,0.2696225,0.268566,0.270679,1992,0,48,
sphere8_h1_32,benchmark,32,gudhi_collapse_cpp,completed,passed,1.5314969999999999,1.52531,1.537684,3820,1848,48,
sphere8_h1_32,benchmark,32,gudhi_cpp,completed,passed,1.5129375,1.511264,1.514611,3940,1924,48,
nonmetric_h1_16,benchmark,16,cocycle,completed,passed,0.0635345,0.061345000000000004,0.06572399999999999,1152,0,25,
nonmetric_h1_16,benchmark,16,ripser_cpp,completed,passed,0.071715,0.071705,0.071725,1940,0,25,
nonmetric_h1_16,benchmark,16,gudhi_cpp,completed,passed,0.2443195,0.243037,0.245602,3660,1684,25,
nonmetric_h1_16,benchmark,16,gudhi_collapse_cpp,completed,passed,0.1777195,0.177504,0.177935,2008,0,25,
nonmetric_h1_32,benchmark,32,cocycle,completed,passed,0.46807050000000006,0.46662800000000004,0.469513,1148,0,79,
nonmetric_h1_32,benchmark,32,ripser_cpp,completed,passed,0.6153435,0.611251,0.619436,3704,1692,79,
nonmetric_h1_32,benchmark,32,gudhi_collapse_cpp,completed,passed,1.6434674999999999,1.640687,1.646248,3744,1684,79,
nonmetric_h1_32,benchmark,32,gudhi_cpp,completed,passed,1.7130139999999998,1.693417,1.732611,3920,1964,79,
grid_h1_16,benchmark,16,gudhi_cpp,completed,passed,0.24189549999999999,0.239761,0.24403,3660,1668,25,
grid_h1_16,benchmark,16,ripser_cpp,completed,passed,0.046662499999999996,0.046237,0.047088,1952,0,25,
grid_h1_16,benchmark,16,cocycle,completed,passed,0.041423,0.041247,0.041599,1076,0,25,
grid_h1_16,benchmark,16,gudhi_collapse_cpp,completed,passed,0.089298,0.088286,0.09031,2000,0,25,
grid_h1_36,benchmark,36,gudhi_cpp,completed,passed,2.2207689999999998,2.174111,2.267427,3956,1908,61,
grid_h1_36,benchmark,36,cocycle,completed,passed,0.209239,0.209174,0.209304,1132,0,61,
grid_h1_36,benchmark,36,gudhi_collapse_cpp,completed,passed,0.415572,0.40382,0.427324,2020,0,61,
grid_h1_36,benchmark,36,ripser_cpp,completed,passed,0.19538250000000001,0.194456,0.196309,1932,0,61,
bipartite_h1_16,benchmark,16,gudhi_cpp,completed,passed,0.2467695,0.243849,0.24969,2000,0,65,
bipartite_h1_16,benchmark,16,ripser_cpp,completed,passed,0.091978,0.088587,0.095369,2012,0,65,
bipartite_h1_16,benchmark,16,cocycle,completed,passed,0.0773205,0.070273,0.084368,1076,0,65,
bipartite_h1_16,benchmark,16,gudhi_collapse_cpp,completed,passed,0.11847350000000001,0.118163,0.118784,2012,0,65,
bipartite_h1_16_cutoff,benchmark,16,gudhi_cpp,completed,passed,0.0586855,0.05852,0.058851,2000,0,65,
bipartite_h1_16_cutoff,benchmark,16,gudhi_collapse_cpp,completed,passed,0.07197049999999999,0.071535,0.072406,2020,0,65,
bipartite_h1_16_cutoff,benchmark,16,ripser_cpp,completed,passed,0.027286499999999998,0.027011,0.027562,1956,0,65,
bipartite_h1_16_cutoff,benchmark,16,cocycle,completed,passed,0.0240755,0.023925,0.024226,1056,0,65,
bipartite_h1_32,benchmark,32,cocycle,completed,passed,0.38368199999999997,0.38266,0.384704,1080,0,257,
bipartite_h1_32,benchmark,32,gudhi_cpp,completed,passed,1.452378,1.446612,1.458144,3940,1924,257,
bipartite_h1_32,benchmark,32,ripser_cpp,completed,passed,0.45167999999999997,0.448584,0.454776,1940,0,257,
bipartite_h1_32,benchmark,32,gudhi_collapse_cpp,completed,passed,0.4074215,0.404481,0.410362,3636,1588,257,
bipartite_h1_32_cutoff,benchmark,32,ripser_cpp,completed,passed,0.0715045,0.071244,0.071765,1984,0,257,
bipartite_h1_32_cutoff,benchmark,32,gudhi_cpp,completed,passed,0.15861399999999998,0.155323,0.161905,3668,1652,257,
bipartite_h1_32_cutoff,benchmark,32,gudhi_collapse_cpp,completed,passed,0.2020805,0.201279,0.202882,3752,1704,257,
bipartite_h1_32_cutoff,benchmark,32,cocycle,completed,passed,0.1139945,0.113704,0.114285,1096,0,257,
