case,n,backend,status,validation,median_ms,min_ms,max_ms,cocycle_over_backend,rss_before_kib,peak_rss_kib,hwm_growth_kib,intervals,simplices,reason
uniform_h1_128,128,cocycle,completed,passed,2.750279,2.6739509999999997,2.822377,1.0,1304,3456,2152,163,,
uniform_h1_128,128,ripser_py,completed,passed,5.84134,5.823492,5.882538,0.4708301519856745,116928,118564,1636,163,,
uniform_h1_128,128,gudhi_edge_collapse,completed,passed,9.321578,9.143328,10.750488,0.2950443583693662,41084,42852,1768,163,710,
uniform_h1_128,128,gudhi_simplex_tree,completed,passed,98.043896,97.446365,99.224509,0.02805150664351404,41108,63264,22156,163,349632,
uniform_h1_256,256,gudhi_simplex_tree,completed,passed,1145.573769,1113.269503,1154.47891,0.012179112666117618,41904,209824,167700,315,2796416,
uniform_h1_256,256,cocycle,completed,passed,13.952072,12.907966,15.352946,1.0,2668,6168,3316,315,,
uniform_h1_256,256,ripser_py,completed,passed,25.952685,25.79072,26.814522,0.5375964760486246,117052,121684,4632,315,,
uniform_h1_256,256,gudhi_edge_collapse,completed,passed,64.64669,64.01835,66.858809,0.21582036141370886,41944,46748,4584,315,1520,
uniform_h1_512,512,gudhi_edge_collapse,not_scheduled,passed,,,,,,,,,,predeclared GUDHI limit n <= 256
uniform_h1_512,512,gudhi_simplex_tree,not_scheduled,passed,,,,,,,,,,predeclared GUDHI limit n <= 256
uniform_h1_512,512,ripser_py,completed,passed,121.009657,120.354694,122.248486,0.46729244096609573,118708,137052,17524,633,,
uniform_h1_512,512,cocycle,completed,passed,56.546898,56.389399,59.1556,1.0,3472,17464,12992,633,,
uniform_h1_1024,1024,gudhi_simplex_tree,not_scheduled,passed,,,,,,,,,,predeclared GUDHI limit n <= 256
uniform_h1_1024,1024,cocycle,completed,passed,307.44566699999996,305.45521799999995,318.480613,1.0,6540,67972,57432,1264,,
uniform_h1_1024,1024,ripser_py,completed,passed,612.848004,609.290592,628.434352,0.5016670773068227,124712,197396,68704,1264,,
uniform_h1_1024,1024,gudhi_edge_collapse,not_scheduled,passed,,,,,,,,,,predeclared GUDHI limit n <= 256
circle_h1_128,128,cocycle,completed,passed,11.036605999999999,11.034629,12.450095,1.0,1316,4768,3452,129,,
circle_h1_128,128,gudhi_edge_collapse,completed,passed,152.564547,151.997376,164.612776,0.07234056808755181,41068,62688,21620,129,341631,
circle_h1_128,128,ripser_py,completed,passed,33.083826,31.777518,33.424854,0.333595213564477,116372,120924,4552,129,,
circle_h1_128,128,gudhi_simplex_tree,completed,passed,88.407239,86.047607,88.62033,0.12483826126500792,40876,63008,22132,129,349632,
circle_h1_256,256,gudhi_edge_collapse,completed,passed,1736.721465,1703.564323,1773.9232,0.06325965459291424,41696,207888,165972,257,2764031,
circle_h1_256,256,ripser_py,completed,passed,278.025744,277.127141,278.463947,0.3951590900157793,117680,146280,28600,257,,
circle_h1_256,256,gudhi_simplex_tree,completed,passed,1037.605855,1020.820641,1046.313367,0.10588259450405665,41876,209776,167676,257,2796416,
circle_h1_256,256,cocycle,completed,passed,109.8644,104.428799,124.277902,1.0,2540,15592,12860,257,,
circle_h1_512,512,ripser_py,completed,passed,2449.535025,2432.277867,2485.036974,0.4761048917845132,118768,297648,178056,513,,
circle_h1_512,512,cocycle,completed,passed,1166.235608,1150.3769960000002,1193.80229,1.0,3316,91736,87412,513,,
circle_h1_512,512,gudhi_edge_collapse,not_scheduled,passed,,,,,,,,,,predeclared GUDHI limit n <= 256
circle_h1_512,512,gudhi_simplex_tree,not_scheduled,passed,,,,,,,,,,predeclared GUDHI limit n <= 256
circle_h1_1024,1024,ripser_py,timeout,unverified,,,,,,,,,,
circle_h1_1024,1024,gudhi_simplex_tree,not_scheduled,unverified,,,,,,,,,,predeclared GUDHI limit n <= 256
circle_h1_1024,1024,cocycle,completed,unverified,,,,,6380,616896,606504,1025,,
circle_h1_1024,1024,gudhi_edge_collapse,not_scheduled,unverified,,,,,,,,,,predeclared GUDHI limit n <= 256
sphere8_h1_128,128,gudhi_edge_collapse,completed,passed,115.322694,114.307779,115.616771,0.054401321911539804,40912,60872,19960,278,313406,
sphere8_h1_128,128,ripser_py,completed,passed,15.283579,14.889588,15.57647,0.41048677145582196,116516,119008,2492,278,,
sphere8_h1_128,128,gudhi_simplex_tree,completed,passed,101.08116,98.264595,101.414999,0.06206603683614236,41012,63168,22156,278,349632,
sphere8_h1_128,128,cocycle,completed,passed,6.273707,6.246255,6.336543,1.0,1328,3940,2612,278,,
sphere8_h1_256,256,ripser_py,completed,passed,79.358649,79.117688,79.940458,0.4194566240662691,117456,125988,8532,577,,
sphere8_h1_256,256,cocycle,completed,passed,33.287511,33.239028,36.498308,1.0,2696,8944,6068,577,,
sphere8_h1_256,256,gudhi_simplex_tree,completed,passed,1150.376437,1149.810069,1165.803044,0.028936189867386865,42108,210172,167844,577,2796416,
sphere8_h1_256,256,gudhi_edge_collapse,completed,passed,1217.204438,1216.279483,1237.735479,0.027347510377710275,41916,198924,156788,577,2608471,
sphere8_h1_512,512,cocycle,completed,passed,205.490087,204.39295900000002,206.528931,1.0,3336,27500,23152,1216,,
sphere8_h1_512,512,gudhi_edge_collapse,not_scheduled,passed,,,,,,,,,,predeclared GUDHI limit n <= 256
sphere8_h1_512,512,ripser_py,completed,passed,489.786335,472.982931,490.127463,0.41955046990030864,118912,153196,33464,1216,,
sphere8_h1_512,512,gudhi_simplex_tree,not_scheduled,passed,,,,,,,,,,predeclared GUDHI limit n <= 256
nonmetric_h1_128,128,gudhi_edge_collapse,completed,passed,136.905751,124.167418,161.382126,1.1934506462040444,41116,60464,19348,603,302943,
nonmetric_h1_128,128,ripser_py,completed,passed,431.463404,428.42465,433.467913,0.37868856427971814,116512,134192,17680,603,,
nonmetric_h1_128,128,cocycle,completed,passed,163.39025700000002,163.32285299999998,170.40633,1.0,1404,11408,10004,603,,
nonmetric_h1_128,128,gudhi_simplex_tree,completed,passed,121.463904,121.187806,124.578048,1.3451754111246088,41120,63328,22208,603,349632,
nonmetric_h1_256,256,gudhi_edge_collapse,completed,passed,1436.95507,1429.623606,1447.989348,9.586554120999761,42016,195568,153332,1667,2538585,
nonmetric_h1_256,256,ripser_py,timeout,passed,,,,,,,,,,
nonmetric_h1_256,256,cocycle,completed,passed,13775.447548,13709.67801,13833.920574,1.0,2580,172108,169340,1667,,
nonmetric_h1_256,256,gudhi_simplex_tree,completed,passed,1441.573235,1438.791272,1450.128138,9.555843028675543,41820,210736,168696,1667,2796416,
nonmetric_h1_512,512,gudhi_simplex_tree,not_scheduled,unverified,,,,,,,,,,predeclared GUDHI limit n <= 256
nonmetric_h1_512,512,cocycle,timeout,unverified,,,,,,,,,,
nonmetric_h1_512,512,ripser_py,timeout,unverified,,,,,,,,,,
nonmetric_h1_512,512,gudhi_edge_collapse,not_scheduled,unverified,,,,,,,,,,predeclared GUDHI limit n <= 256
grid_h1_64,64,gudhi_simplex_tree,completed,passed,10.755402,10.518236,12.981551,0.05798862748226426,40948,44524,3576,113,43744,
grid_h1_64,64,gudhi_edge_collapse,completed,passed,1.530323,1.527411,1.631533,0.40755513705276597,40924,41660,736,113,323,
grid_h1_64,64,cocycle,completed,passed,0.623691,0.6159979999999999,0.6401370000000001,1.0,1332,2808,1476,113,,
grid_h1_64,64,ripser_py,completed,passed,1.650298,1.641978,1.675932,0.37792628967616754,116580,117164,584,113,,
grid_h1_144,144,gudhi_edge_collapse,completed,passed,14.451318,14.005192,15.809393,0.32970224584359714,41684,43240,1556,265,779,
grid_h1_144,144,ripser_py,completed,passed,12.164619,11.967354,12.204328,0.39167950923904815,116992,118536,1544,265,,
grid_h1_144,144,gudhi_simplex_tree,completed,passed,148.948606,147.70419,150.789569,0.03198842961981128,41640,72208,30568,265,497784,
grid_h1_144,144,cocycle,completed,passed,4.764632000000001,4.747785,4.831739,1.0,1284,3588,2304,265,,
grid_h1_256,256,gudhi_simplex_tree,completed,passed,1159.461341,1146.453358,1168.96619,0.017519154181096584,41852,209924,167852,481,2796416,
grid_h1_256,256,ripser_py,completed,passed,56.672188,55.963977,58.040336,0.3584259354870859,117248,121688,4440,481,,
grid_h1_256,256,cocycle,completed,passed,20.312782000000002,19.353245,24.867059,1.0,2556,6088,3340,481,,
grid_h1_256,256,gudhi_edge_collapse,completed,passed,85.873422,85.419655,89.090386,0.2365432927547711,41876,46672,4576,481,1449,
bipartite_h1_64,64,gudhi_edge_collapse,completed,passed,1.580704,1.566965,1.603697,1.5126355092414516,41104,42488,1384,1025,2179,
bipartite_h1_64,64,cocycle,completed,passed,2.3910289999999996,2.3829469999999997,2.458267,1.0,1304,2756,1452,1025,,
bipartite_h1_64,64,gudhi_simplex_tree,completed,passed,9.473179,9.460981,9.54572,0.2523998543677893,41060,44660,3600,1025,43744,
bipartite_h1_64,64,ripser_py,completed,passed,7.303157,7.302673,7.538092,0.3273966313472379,116900,117480,580,1025,,
bipartite_h1_64_cutoff,64,ripser_py,completed,passed,0.807474,0.793409,0.824351,0.9201373666520531,116720,117304,584,1025,,
bipartite_h1_64_cutoff,64,gudhi_simplex_tree,completed,passed,0.547912,0.540597,0.573818,1.3560334506271081,40912,41872,960,1025,1088,
bipartite_h1_64_cutoff,64,cocycle,completed,passed,0.742987,0.7416550000000001,0.754082,1.0,1332,2580,1248,1025,,
bipartite_h1_64_cutoff,64,gudhi_edge_collapse,completed,passed,0.797055,0.781766,0.812173,0.9321652834496992,41332,42368,1036,1025,1088,
bipartite_h1_128,128,gudhi_simplex_tree,completed,passed,85.643789,85.006844,88.660501,0.20050653060200313,40868,63968,23100,4097,349632,
bipartite_h1_128,128,gudhi_edge_collapse,completed,passed,8.674624,8.489904,9.143138,1.9795830920164377,41164,45044,3880,4097,12015,
bipartite_h1_128,128,cocycle,completed,passed,17.172138999999998,14.959961000000002,18.513188,1.0,1344,4068,2724,4097,,
bipartite_h1_128,128,ripser_py,completed,passed,52.224611,51.58004,53.044602,0.3288131528638863,116748,118648,1900,4097,,
bipartite_h1_128_cutoff,128,gudhi_edge_collapse,completed,passed,3.436161,3.2919,3.670491,1.4003170980637987,40824,43708,2884,4097,4224,
bipartite_h1_128_cutoff,128,cocycle,completed,passed,4.811715,4.805244999999999,4.860424,1.0,1284,3020,1736,4097,,
bipartite_h1_128_cutoff,128,ripser_py,completed,passed,4.284206,4.274704,4.399729,1.1231287664505396,116280,117712,1432,4097,,
bipartite_h1_128_cutoff,128,gudhi_simplex_tree,completed,passed,2.518538,2.329535,2.947425,1.9105191186315238,40996,43968,2972,4097,4224,
bipartite_h1_256,256,gudhi_simplex_tree,completed,passed,931.701711,925.039943,936.722844,0.12046202950463401,41788,213804,171792,16385,2796416,
bipartite_h1_256,256,ripser_py,completed,passed,382.207422,380.442288,382.464984,0.29364861208791493,117380,123544,6164,16385,,
bipartite_h1_256,256,gudhi_edge_collapse,completed,passed,36.432472,36.108959,37.518652,3.08062211644601,42272,53036,10544,16385,33673,
bipartite_h1_256,256,cocycle,completed,passed,112.234679,110.98303,115.046538,1.0,2728,8728,5816,16385,,
bipartite_h1_256_cutoff,256,ripser_py,completed,passed,27.30266,27.135064,30.893849,1.4143925903190386,117316,121500,4184,16385,,
bipartite_h1_256_cutoff,256,gudhi_edge_collapse,completed,passed,15.58074,15.321228,15.689034,2.4784881847717117,41988,50704,8496,16385,16640,
bipartite_h1_256_cutoff,256,cocycle,completed,passed,38.61668,36.519147000000004,39.846929,1.0,2556,4724,1976,16385,,
bipartite_h1_256_cutoff,256,gudhi_simplex_tree,completed,passed,10.342141,10.06933,10.351497,3.7339154436204267,41820,50604,8560,16385,16640,
